INSERT INTO `player`
(`id`,`name`,`image`,`account`,`password`,`email`,`rank_point`)
VALUES
(1,'test user 001', 'Ninja1', 't001', 't001t001', 't001@team17', 10000),
(2,'test user 002', 'Ninja1', 't002', 't002t002', 't002@team17', 10000),
(3,'test user 003', 'Ninja1', 't003', 't003t003', 't003@team17', 10000),
(4,'test user 004', 'Ninja1', 't004', 't004t004', 't004@team17', 5000),
(5,'test user 005', 'Ninja1', 't005', 't005t005', 't005@team17', 1000),
(6,'test user 006', 'Ninja1', 't006', 't006t006', 't006@team17', 1000);

INSERT INTO `player_pokemon`
(`player_id`,`pokemon_id`,`level`,`bag_index`,`cur_attack`,`cur_defence`,`cur_HP`,`cur_speed`,`skill1_id`,`skill2_id`,`skill3_id`,`skill4_id`,`exp`,`cur_exp`)
VALUES
(1, 4,100,4, 320,237,480,315, 102,103,113,114,0,0),
(1, 2,100,2, 341,242,510,299, 73,74,17,84,0,0),
(1, 1,100,3, 310,258,470,310, 43,52,55,56,0,0),
(1, 5,100,1, 278,500,250,288, 132,133,136,142,0,0),
(1, 6,100,5, 309,258,495,290, 17,161,171,172,0,0),
(1, 7,100,6, 300,253,475,318, 17,45,52,57,0,0),
(1, 7,100,0, 300,253,475,318, 17,45,52,57,0,0),
(1, 7,100,0, 300,253,475,318, 17,45,52,57,0,0),
(1, 7,100,0, 300,253,475,318, 17,45,52,57,0,0),
(1, 7,100,0, 300,253,475,318, 17,45,52,57,0,0),
(1, 7,100,0, 300,253,475,318, 17,45,52,57,0,0),
(1, 7,100,0, 300,253,475,318, 17,45,52,57,0,0),
(1, 7,100,0, 300,253,475,318, 17,45,52,57,0,0),
(1, 7,100,0, 300,253,475,318, 17,45,52,57,0,0),
(1, 7,100,0, 300,253,475,318, 17,45,52,57,0,0),
(1, 7,100,0, 300,253,475,318, 17,45,52,57,0,0),
(1, 7,100,0, 300,253,475,318, 17,45,52,57,0,0),
(1, 7,100,0, 300,253,475,318, 17,45,52,57,0,0),
(1, 7,100,0, 300,253,475,318, 17,45,52,57,0,0),
(1, 7,100,0, 300,253,475,318, 17,45,52,57,0,0),
(1, 7,100,0, 300,253,475,318, 17,45,52,57,0,0),
(1, 7,100,0, 300,253,475,318, 17,45,52,57,0,0),
(1, 7,100,0, 300,253,475,318, 17,45,52,57,0,0),
(1, 7,100,0, 300,253,475,318, 17,45,52,57,0,0),
(1, 7,100,0, 300,253,475,318, 17,45,52,57,0,0),
(1, 7,100,0, 300,253,475,318, 17,45,52,57,0,0),
(1, 7,100,0, 300,253,475,318, 17,45,52,57,0,0),
(1, 7,100,0, 300,253,475,318, 17,45,52,57,0,0),
(1, 7,100,0, 300,253,475,318, 17,45,52,57,0,0),
(1, 7,100,0, 300,253,475,318, 17,45,52,57,0,0),

(2, 2,100,1, 341,242,510,299, 73,74,17,84,0,0),
(2, 1,100,2, 310,258,470,310, 43,52,55,56,0,0),
(2, 4,100,3, 320,237,480,315, 102,103,113,114,0,0),
(2, 5,100,4, 278,500,250,288, 132,133,136,142,0,0),
(2, 6,100,5, 309,258,495,290, 17,161,171,172,0,0),
(2, 7,100,6, 300,253,475,318, 17,45,52,57,0,0),
(4, 1,1,2, 13,11,124,13, 1,11,14,31,1000,0),
(4, 2,1,1, 14,9,144,12, 2,15,null,null,1000,0),
(5, 1,1,3, 13,11,124,13, 1,11,14,31,1000,0),
(5, 2,1,2, 14,9,144,12, 2,15,null,null,1000,0),
(5, 9,100,1, 309,257,490,300, 144,135,134,143,0,0),
(6, 1,1,2, 13,11,124,13, 1,11,14,31,1000,0),
(6, 2,1,1, 14,9,144,12, 2,15,null,null,1000,0),
(3, 9,100,6, 309,257,490,300, 144,135,134,143,0,0),
(3, 8,100,2, 309,252,490,309, 17,27,28,29,0,0),
(3, 1,100,3, 310,258,470,310, 43,52,55,56,0,0),
(3, 5,100,1, 278,500,250,288, 132,133,136,142,0,0),
(3, 6,100,4, 309,258,495,290, 17,161,171,172,0,0),
(3, 7,100,5, 300,253,475,318, 44,45,52,57,0,0);

INSERT INTO `player_potion` VALUES ('1','1','1','5');
INSERT INTO `player_potion` VALUES ('2','1','4','5');
INSERT INTO `player_potion` VALUES ('3','2','1','5');
INSERT INTO `player_potion` VALUES ('4','2','4','5');

INSERT INTO `player_ball` VALUES ('1','1','4','5');